{
    "running_time": 23.997177109122276,
    "gpu_time": 191.9774168729782,
    "context_blocks": 0.0,
    "decoding_blocks": 0.0,
    "ttft": 13.228289690464734,
    "tpot": NaN,
    "throughput_prefill": 138.58654610871312,
    "throughput_prefill_processed": 5863.943232224925,
    "#images/req": 2.0,
    "#prefill_tokens": 32.0,
    "#prefill_tokens_processed": 1354.0,
    "token_times": [
        [
            4.7242894731462
        ],
        [
            4.373547255992889
        ],
        [
            4.251485247164965
        ],
        [
            4.308779608458281
        ],
        [
            4.482266832143068
        ],
        [
            4.541225615888834
        ],
        [
            4.421637251973152
        ],
        [
            5.370111536234617
        ],
        [
            5.791593987494707
        ],
        [
            5.636543095111847
        ],
        [
            5.71998143568635
        ],
        [
            5.909571494907141
        ],
        [
            5.993510693311691
        ],
        [
            5.843090642243624
        ],
        [
            6.692995987832546
        ],
        [
            7.102069523185492
        ],
        [
            6.9605029337108135
        ],
        [
            7.035072915256023
        ],
        [
            7.241732120513916
        ],
        [
            7.298844084143639
        ],
        [
            7.139528162777424
        ],
        [
            8.013862147927284
        ],
        [
            8.418407049030066
        ],
        [
            8.282515112310648
        ],
        [
            8.32804435864091
        ],
        [
            8.585768803954124
        ],
        [
            8.646504174917936
        ],
        [
            8.4558863081038
        ],
        [
            9.324108827859163
        ],
        [
            9.734859757125378
        ],
        [
            9.58790110051632
        ],
        [
            9.631233271211386
        ],
        [
            9.909661632031202
        ],
        [
            9.95259402692318
        ],
        [
            9.771783664822578
        ],
        [
            10.592866595834494
        ],
        [
            11.064798906445503
        ],
        [
            10.906017269939184
        ],
        [
            10.950788419693708
        ],
        [
            11.252890478819609
        ],
        [
            11.333307579159737
        ],
        [
            11.101551435887814
        ],
        [
            11.874873403459787
        ],
        [
            12.383099149912596
        ],
        [
            12.21944471821189
        ],
        [
            12.271283645182848
        ],
        [
            12.570718869566917
        ],
        [
            12.638678565621376
        ],
        [
            12.44078903645277
        ],
        [
            13.178446713835001
        ],
        [
            13.726818043738604
        ],
        [
            13.523306369781494
        ],
        [
            13.591265808790922
        ],
        [
            13.96548205986619
        ],
        [
            13.919310357421637
        ],
        [
            13.765643365681171
        ],
        [
            14.511489421129227
        ],
        [
            15.068391308188438
        ],
        [
            14.837624289095402
        ],
        [
            14.90569507330656
        ],
        [
            15.323897827416658
        ],
        [
            15.238850768655539
        ],
        [
            15.106404352933168
        ],
        [
            15.79644363373518
        ],
        [
            16.388182152062654
        ],
        [
            16.14283435419202
        ],
        [
            16.187949888408184
        ],
        [
            16.653395880013704
        ],
        [
            16.547620505094528
        ],
        [
            16.429618194699287
        ],
        [
            17.170207861810923
        ],
        [
            17.733032934367657
        ],
        [
            17.475178822875023
        ],
        [
            17.55289149656892
        ],
        [
            17.947621319442987
        ],
        [
            17.990830466151237
        ],
        [
            17.76960016787052
        ],
        [
            18.46741182357073
        ],
        [
            19.061969075351954
        ],
        [
            18.82209411263466
        ],
        [
            18.888370476663113
        ],
        [
            19.248230423778296
        ],
        [
            19.39772569388151
        ],
        [
            19.116367034614086
        ],
        [
            19.830307196825743
        ],
        [
            20.40109306946397
        ],
        [
            20.16933624818921
        ],
        [
            20.221314936876297
        ],
        [
            20.650980729609728
        ],
        [
            20.84696002304554
        ],
        [
            20.488454584032297
        ],
        [
            21.235530752688646
        ],
        [
            21.78656404465437
        ],
        [
            21.49326976761222
        ],
        [
            21.570954244583845
        ],
        [
            21.96757833659649
        ],
        [
            22.17894607782364
        ],
        [
            21.825620122253895
        ],
        [
            22.528485998511314
        ],
        [
            23.100752629339695
        ]
    ]
}